0:0,now,1.32215670201e-05
0:now,im,1.0
now:im,left,0.5
im:left,with,1.0
left:with,this,1.0
with:this,gay,1.0
this:gay,name,1.0
0:0,:P,3.96647010604e-05
0:0,hey,0.000171880371262
0:hey,everyone,0.0192307692308
0:0,ah,2.64431340402e-05
0:ah,well,0.5
0:0,NNP,0.000489197979745
0:NNP,is,0.017094017094
NNP:is,a,0.0909090909091
is:a,gay,1.0
a:gay,name,1.0
gay:name,.,1.0
0:0,:),6.61078351006e-05
0:0,hi,0.000105772536161
0:hi,NNP,0.5
0:0,26,5.28862680805e-05
0:26,/,1.0
26:/,m,1.0
/:m,/,0.5
m:/,NNP,1.0
/:NNP,women,0.5
NNP:women,that,1.0
women:that,are,1.0
that:are,nice,1.0
are:nice,please,0.5
nice:please,pm,1.0
please:pm,me,1.0
0:0,there,2.64431340402e-05
0:there,ya,0.5
there:ya,go,1.0
ya:go,NNP,1.0
0:0,do,2.64431340402e-05
0:do,n't,1.0
do:n't,golf,0.0909090909091
n't:golf,clap,1.0
golf:clap,me,1.0
clap:me,.,1.0
0:0,fuck,1.32215670201e-05
0:fuck,you,1.0
fuck:you,NNP,1.0
you:NNP,:@,0.25
0:0,whats,3.96647010604e-05
0:whats,everyone,0.25
whats:everyone,up,1.0
everyone:up,to,1.0
up:to,.,1.0
0:0,i,0.000383425443584
0:i,'ll,0.00314465408805
i:'ll,thunder,0.5
'll:thunder,clap,1.0
thunder:clap,your,1.0
clap:your,ass,1.0
your:ass,.,1.0
0:0,and,7.93294021207e-05
0:and,i,0.166666666667
and:i,dont,0.5
i:dont,even,0.0909090909091
dont:even,know,1.0
even:know,what,1.0
know:what,that,1.0
what:that,means,1.0
that:means,.,1.0
0:0,that,5.28862680805e-05
0:that,sounds,0.4
that:sounds,painful,0.5
0:0,any,0.000118994103181
0:any,ladis,0.030303030303
any:ladis,wanna,1.0
ladis:wanna,chat,1.0
wanna:chat,.,0.25
chat:.,29,0.5
.:29,m,1.0
0:0,my,3.96647010604e-05
0:my,cousin,0.25
my:cousin,drew,1.0
cousin:drew,a,1.0
drew:a,messed,0.5
a:messed,up,1.0
messed:up,pic,1.0
up:pic,on,1.0
pic:on,my,1.0
on:my,cast,1.0
0:0,24,3.96647010604e-05
0:24,/,0.25
24:/,m,1.0
0:0,boo,5.28862680805e-05
0:boo,.,0.75
/:m,and,0.166666666667
m:and,sexy,1.0
0:0,lol,0.000343760742523
0:lol,NNP,0.48
0:0,he,7.93294021207e-05
0:he,drew,0.0833333333333
he:drew,a,1.0
drew:a,girl,0.5
a:girl,with,1.0
girl:with,legs,1.0
with:legs,spread,1.0
0:0,hope,1.32215670201e-05
0:hope,he,1.0
hope:he,didnt,1.0
he:didnt,draw,1.0
didnt:draw,a,1.0
draw:a,penis,1.0
0:0,ewwwww,1.32215670201e-05
0:ewwwww,lol,1.0
0:0,&,2.64431340402e-05
0:&,a,0.5
&:a,head,1.0
a:head,between,1.0
head:between,her,1.0
between:her,legs,1.0
0:0,sounds,2.64431340402e-05
0:sounds,good,0.5
sounds:good,to,1.0
good:to,me,0.5
to:me,.,0.4
0:0,r,1.32215670201e-05
0:r,u,1.0
r:u,serious,0.25
0:0,I,0.000145437237221
0:I,'ll,0.047619047619
I:'ll,take,1.0
'll:take,one,0.5
take:one,,,1.0
one:,,please,1.0
,:please,.,1.0
0:&,i,0.5
&:i,have,1.0
i:have,to,0.25
have:to,go,1.0
to:go,to,0.5
go:to,the,1.0
to:the,docs,0.5
the:docs,tomorrow,1.0
0:0,ya,2.64431340402e-05
0:ya,man,0.5
0:I,am,0.0714285714286
I:am,too,0.142857142857
am:too,..,1.0
too:..,Connected,1.0
..:Connected,to,1.0
Connected:to,...,1.0
to:...,Slip,1.0
...:Slip,away,1.0
Slip:away,...,1.0
away:...,Fade,0.5
...:Fade,away,1.0
Fade:away,...,1.0
away:...,Days,0.5
...:Days,away,1.0
Days:away,I,1.0
away:I,...,1.0
I:...,Still,1.0
...:Still,feel,1.0
Still:feel,you,1.0
feel:you,...,1.0
you:...,Touching,1.0
...:Touching,me,1.0
Touching:me,...,1.0
me:...,Changing,0.5
...:Changing,me,1.0
Changing:me,...,1.0
me:...,Considerably,0.5
...:Considerably,killing,1.0
Considerably:killing,me,1.0
killing:me,...,1.0
0:0,heeeey,1.32215670201e-05
0:heeeey,.,1.0
do:n't,you,0.0909090909091
n't:you,have,1.0
you:have,a,1.0
have:a,sharpie,1.0
a:sharpie,.,1.0
0:0,you,0.000118994103181
0:you,'re,0.1
you:'re,back,0.142857142857
're:back,NNP,1.0
0:0,yep,2.64431340402e-05
0:0,Any,2.64431340402e-05
0:Any,ladies,0.5
Any:ladies,wanna,1.0
ladies:wanna,chat,1.0
wanna:chat,with,0.25
chat:with,24,1.0
with:24,/,1.0
0:0,hurry,1.32215670201e-05
0:hurry,ladies,1.0
0:0,not,5.28862680805e-05
0:not,fast,0.142857142857
not:fast,enough,1.0
fast:enough,NNP,1.0
0:0,a,2.64431340402e-05
0:a,bowl,0.5
a:bowl,i,1.0
bowl:i,got,1.0
i:got,a,1.0
got:a,blunt,0.25
a:blunt,an,1.0
blunt:an,a,1.0
an:a,bong,1.0
a:bong,......,1.0
bong:......,lol,1.0
0:0,well,3.96647010604e-05
0:well,,,0.25
well:,,glad,1.0
,:glad,it,1.0
glad:it,worked,1.0
it:worked,out,1.0
0:my,chair,0.25
my:chair,is,1.0
chair:is,too,1.0
is:too,hard,1.0
too:hard,.,1.0
0:0,Anyone,1.32215670201e-05
0:Anyone,from,1.0
Anyone:from,NNP,1.0
from:NNP,in,0.666666666667
NNP:in,here,1.0
in:here,.,1.0
0:hey,ladies,0.0192307692308
0:0,as,1.32215670201e-05
0:as,am,1.0
as:am,i,1.0
0:0,is,3.96647010604e-05
0:is,NNP,0.25
is:NNP,back,0.25
NNP:back,yet,1.0
NNP:is,missing,0.0909090909091
is:missing,a,1.0
missing:a,B,1.0
a:B,in,1.0
B:in,her,1.0
in:her,name,1.0
and:i,do,0.5
i:do,n't,0.666666666667
do:n't,complain,0.0909090909091
n't:complain,about,1.0
complain:about,things,1.0
about:things,being,1.0
things:being,hard,1.0
being:hard,very,1.0
hard:very,often,1.0
very:often,.,1.0
0:0,ok,3.96647010604e-05
0:0,yes,0.000118994103181
0:yes,NNP,0.833333333333
0:0,fire,1.32215670201e-05
0:fire,it,1.0
fire:it,up,1.0
0:Any,women,0.5
Any:women,from,1.0
women:from,NNP,1.0
0:and,an,0.0833333333333
and:an,an,1.0
an:an,",1.0
an:",itch,1.0
":itch,",1.0
0:0,yo,2.64431340402e-05
0:yo,,,0.5
yo:,,NNP,1.0
0:0,or,1.32215670201e-05
0:or,a,1.0
or:a,",1.0
a:",ogan,1.0
":ogan,",1.0
0:0,are,2.64431340402e-05
0:are,you,0.5
are:you,a,0.5
you:a,male,1.0
a:male,.,1.0
0:0,let,1.32215670201e-05
0:let,'s,1.0
let:'s,talk,1.0
's:talk,.,1.0
0:0,haha,2.64431340402e-05
0:0,brb,1.32215670201e-05
0:0,opps,1.32215670201e-05
0:0,sho,1.32215670201e-05
0:sho,*,1.0
0:hey,any,0.0192307692308
hey:any,guys,1.0
any:guys,with,0.25
guys:with,cams,1.0
with:cams,wanna,1.0
cams:wanna,play,1.0
wanna:play,.,1.0
0:any,guyz,0.030303030303
any:guyz,wanna,1.0
guyz:wanna,chat,1.0
0:hi,there,0.0714285714286
0:boo,,,0.25
boo:,,it,1.0
,:it,'s,1.0
it:'s,a,0.25
's:a,female,0.25
a:female,.,0.5
0:hey,NNP,0.134615384615
0:i,wonna,0.00314465408805
i:wonna,chat,1.0
0:24,f,0.25
24:f,NNP,1.0
f:NNP,single,1.0
NNP:single,mom,1.0
0:0,where,1.32215670201e-05
0:where,did,1.0
where:did,everyone,1.0
did:everyone,gooo,1.0
everyone:gooo,.,1.0
0:0,sure,1.32215670201e-05
0:sure,NNP,1.0
0:0,what,9.25509691409e-05
0:what,did,0.0454545454545
what:did,you,0.5
did:you,but,1.0
you:but,on,1.0
but:on,NNP,1.0
0:i,feel,0.0062893081761
i:feel,like,0.5
feel:like,im,1.0
like:im,in,1.0
im:in,the,1.0
in:the,wrong,0.142857142857
the:wrong,room,1.0
0:0,yeee,1.32215670201e-05
0:yeee,haw,1.0
yeee:haw,NNP,1.0
0:0,im,5.28862680805e-05
0:im,considering,0.142857142857
im:considering,changing,1.0
considering:changing,my,1.0
changing:my,nickname,1.0
my:nickname,to,1.0
nickname:to,",1.0
to:",NNP,1.0
":NNP,",1.0
0:i,do,0.00943396226415
do:n't,want,0.0909090909091
n't:want,hot,1.0
want:hot,pics,1.0
hot:pics,of,1.0
pics:of,a,1.0
of:a,female,1.0
a:female,,,0.5
female:,,I,1.0
,:I,can,0.25
I:can,look,0.5
can:look,in,1.0
look:in,a,1.0
in:a,mirror,1.0
a:mirror,.,1.0
0:0,wb,1.32215670201e-05
0:wb,NNP,1.0
0:0,u,7.93294021207e-05
0:u,should,0.0666666666667
u:should,NNP,1.0
should:NNP,:),1.0
0:0,single,2.64431340402e-05
0:single,dad,0.5
single:dad,here,1.0
0:0,ty,2.64431340402e-05
0:ty,NNP,1.0
0:0,Hi,5.28862680805e-05
0:Hi,NNP,0.75
0:0,HAHAHA,1.32215670201e-05
0:0,yw,1.32215670201e-05
0:yw,NNP,1.0
0:you,should,0.0333333333333
you:should,make,1.0
should:make,it,1.0
make:it,',1.0
it:',NNP,1.0
':NNP,',1.0
NNP:',,,1.0
':,,NNP,1.0
0:0,alright,1.32215670201e-05
hi:NNP,.,0.25
you:'re,fucking,0.142857142857
're:fucking,hot,1.0
fucking:hot,.,1.0
0:i,thought,0.00314465408805
i:thought,of,1.0
thought:of,that,1.0
of:that,.,1.0
hi:NNP,,,0.25
NNP:,,its,0.142857142857
,:its,so,1.0
its:so,late,1.0
0:0,lmao,0.000145437237221
0:0,ahah,1.32215670201e-05
0:ahah,",1.0
ahah:",NNP,1.0
0:0,in,2.64431340402e-05
0:in,NNP,0.5
0:0,cya,1.32215670201e-05
0:cya,later,1.0
cya:later,guys,1.0
0:single,white,0.5
single:white,male,0.5
white:male,26,1.0
0:0,ca,1.32215670201e-05
0:ca,n't,1.0
ca:n't,sleep,0.5
n't:sleep,huh,1.0
sleep:huh,.,1.0
0:0,bye,2.64431340402e-05
0:bye,NNP,1.0
0:well,NNP,0.25
well:NNP,what,1.0
NNP:what,did,1.0
what:did,u,0.5
did:u,buy,0.5
0:0,yeah,7.93294021207e-05
0:yeah,i,0.142857142857
yeah:i,know,1.0
0:NNP,..,0.0128205128205
NNP:..,get,0.272727272727
..:get,the,1.0
get:the,hell,0.666666666667
the:hell,outta,0.5
hell:outta,my,1.0
outta:my,freaking,0.25
my:freaking,PM,1.0
freaking:PM,box,1.0
PM:box,..,1.0
box:..,Im,0.5
..:Im,with,0.5
Im:with,my,1.0
with:my,fiance,1.0
my:fiance,.,0.5
0:0,answers,1.32215670201e-05
0:answers,for,1.0
answers:for,NNP,1.0
for:NNP,...,1.0
NNP:...,hi,0.25
...:hi,NNP,1.0
hi:NNP,;),0.25
0:I,like,0.0238095238095
I:like,it,1.0
like:it,when,1.0
it:when,you,0.5
when:you,do,1.0
you:do,it,1.0
do:it,,,0.5
it:,,NNP,1.0
0:NNP,go,0.0042735042735
NNP:go,plan,1.0
go:plan,the,1.0
plan:the,wedding,1.0
the:wedding,.,1.0
wedding:.,:P,1.0
0:0,first,1.32215670201e-05
0:first,warning,1.0
first:warning,.,1.0
0:0,uh,1.32215670201e-05
0:uh,huh,1.0
0:0,A,1.32215670201e-05
0:A,gold,1.0
A:gold,NNP,1.0
gold:NNP,charm,1.0
NNP:charm,for,1.0
charm:for,my,1.0
for:my,necklace,0.5
my:necklace,NNP,1.0
0:0,make,1.32215670201e-05
0:make,sure,1.0
make:sure,u,1.0
sure:u,buy,1.0
u:buy,a,1.0
buy:a,nice,1.0
a:nice,ring,1.0
nice:ring,for,1.0
ring:for,NNP,1.0
the:hell,in,0.5
hell:in,my,1.0
in:my,freaking,0.5
box:..,I,0.5
..:I,have,0.5
I:have,no,1.0
have:no,fiance,1.0
no:fiance,.,1.0
0:0,right,1.32215670201e-05
0:right,on,1.0
0:i,have,0.00314465408805
i:have,one,0.25
have:one,already,1.0
one:already,NNP,1.0
already:NNP,...,1.0
NNP:...,yayayayayyy,0.25
...:yayayayayyy,.,1.0
0:0,OOooOO,1.32215670201e-05
0:OOooOO,:),1.0
0:0,how,3.96647010604e-05
0:how,you,0.25
how:you,doin,1.0
you:doin,NNP,1.0
0:0,lmaoo,2.64431340402e-05
0:lmaoo,NNP,1.0
0:0,',2.64431340402e-05
0:',NNP,1.0
0:how,many,0.25
how:many,kts,1.0
0:any,single,0.030303030303
any:single,white,1.0
single:white,females,0.5
white:females,.,1.0
0:0,off,1.32215670201e-05
0:off,off,1.0
off:off,.,1.0
0:0,really,1.32215670201e-05
0:really,.,1.0
0:0,Just,1.32215670201e-05
0:Just,fine,1.0
Just:fine,thanks,1.0
fine:thanks,,,1.0
thanks:,,how,1.0
,:how,are,1.0
how:are,you,1.0
are:you,.,0.5
that:sounds,freakishly,0.5
sounds:freakishly,like,1.0
freakishly:like,NNP,1.0
like:NNP,NNP,1.0
0:0,wow,2.64431340402e-05
0:wow,.,0.5
wow:.,twice,1.0
.:twice,,,1.0
twice:,,I,1.0
,:I,'m,0.5
I:'m,impressed,0.25
'm:impressed,.,1.0
0:0,hiya,1.32215670201e-05
0:hiya,room,1.0
0:lmao,.,0.0666666666667
0:im,doin,0.142857142857
im:doin,alright,1.0
doin:alright,thanks,1.0
0:0,omg,1.32215670201e-05
0:0,Finger,1.32215670201e-05
0:Finger,..,1.0
Finger:..,Deep,1.0
..:Deep,within,1.0
Deep:within,the,1.0
within:the,borderline,1.0
the:borderline,..,1.0
borderline:..,Show,1.0
..:Show,me,1.0
Show:me,that,1.0
me:that,you,1.0
that:you,love,1.0
you:love,me,1.0
love:me,,,0.5
me:,,and,0.5
,:and,that,1.0
and:that,we,1.0
that:we,belong,1.0
we:belong,together,1.0
belong:together,...,1.0
together:...,Relax,1.0
...:Relax,..,1.0
Relax:..,Turn,1.0
..:Turn,around,1.0
Turn:around,..,1.0
around:..,And,1.0
..:And,take,0.5
And:take,my,1.0
take:my,..,1.0
my:..,Hand,1.0
..:Hand,..,1.0
0:I,just,0.0238095238095
I:just,laughed,1.0
0:0,didnt,1.32215670201e-05
0:didnt,even,1.0
didnt:even,look,1.0
even:look,hang,1.0
look:hang,on,1.0
0:0,finger,1.32215670201e-05
0:finger,.,1.0
0:0,yay,1.32215670201e-05
0:yay,.,1.0
0:that,'s,0.2
that:'s,such,1.0
's:such,a,1.0
such:a,DIRTY,1.0
a:DIRTY,word,1.0
DIRTY:word,.,1.0
0:0,oh,2.64431340402e-05
0:oh,its,0.5
oh:its,14,1.0
its:14,k,1.0
0:NNP,...,0.0042735042735
NNP:...,get,0.25
...:get,outta,1.0
get:outta,my,1.0
outta:my,PM,0.5
my:PM,Box,0.5
PM:Box,..,1.0
Box:..,didnt,1.0
..:didnt,ya,1.0
didnt:ya,hear,1.0
ya:hear,.,1.0
0:0,geeshhh,1.32215670201e-05
0:0,hes,1.32215670201e-05
0:hes,deaf,1.0
0:0,ppl,1.32215670201e-05
0:ppl,here,1.0
ppl:here,dont,1.0
here:dont,get,1.0
dont:get,it,1.0
0:NNP,,,0.00854700854701
0:0,!,1.32215670201e-05
0:!,hug,1.0
!:hug,NNP,1.0
0:you,can,0.0333333333333
you:can,forward,0.5
can:forward,the,1.0
forward:the,pervs,1.0
the:pervs,to,1.0
pervs:to,me,1.0
0:any,girls,0.0606060606061
any:girls,wanna,0.666666666667
girls:wanna,chat,1.0
0:0,please,1.32215670201e-05
0:please,behave,1.0
please:behave,NNP,1.0
behave:NNP,NNP,1.0
NNP:NNP,..,0.047619047619
NNP:..,I,0.0909090909091
..:I,gottsa,0.5
I:gottsa,go,1.0
gottsa:go,now,1.0
0:0,Only,1.32215670201e-05
0:Only,for,1.0
Only:for,the,1.0
for:the,dirty,1.0
the:dirty,minded,1.0
dirty:minded,,,1.0
minded:,,NNP,1.0
,:NNP,.,0.666666666667
0:0,ima,1.32215670201e-05
0:ima,behave,1.0
yes:NNP,.,1.0
0:0,aww,2.64431340402e-05
0:aww,NNP,0.5
aww:NNP,have,1.0
NNP:have,fun,1.0
0:0,forwads,2.64431340402e-05
0:forwads,away,0.5
forwads:away,from,1.0
away:from,NNP,1.0
0:i,already,0.00314465408805
i:already,wrote,1.0
already:wrote,what,1.0
wrote:what,i,1.0
what:i,wanted,1.0
i:wanted,you,1.0
wanted:you,to,1.0
you:to,read,1.0
to:read,.,1.0
0:0,theres,1.32215670201e-05
0:theres,nobody,1.0
theres:nobody,here,1.0
nobody:here,i,1.0
here:i,wanna,1.0
i:wanna,misbeahve,1.0
wanna:misbeahve,with,1.0
misbeahve:with,lol,1.0
0:0,so,2.64431340402e-05
0:so,read,0.5
so:read,it,1.0
read:it,.,1.0
0:0,thanks,1.32215670201e-05
0:thanks,NNP,1.0
thanks:NNP,..,1.0
NNP:..,Im,0.0909090909091
..:Im,happy,0.5
Im:happy,to,1.0
happy:to,have,1.0
to:have,my,0.5
have:my,fiance,1.0
my:fiance,here,0.5
fiance:here,.,1.0
0:forwads,.,0.5
0:0,22,2.64431340402e-05
0:22,/,1.0
22:/,m,1.0
/:NNP,any,0.5
NNP:any,ladies,1.0
any:ladies,want,1.0
ladies:want,to,1.0
want:to,chat,0.285714285714
0:0,can,1.32215670201e-05
0:can,i,1.0
can:i,talk,0.5
i:talk,to,1.0
talk:to,him,0.285714285714
to:him,.,1.0
lol:NNP,.,0.25
0:0,forwards,1.32215670201e-05
0:forwards,too,1.0
0:0,ALL,1.32215670201e-05
0:ALL,PErvs,1.0
ALL:PErvs,...,1.0
PErvs:...,redirect,1.0
...:redirect,to,1.0
redirect:to,NNP,1.0
to:NNP,'s,0.25
NNP:'s,PM,0.5
's:PM,VBox,1.0
PM:VBox,.,1.0
'll:take,all,0.5
take:all,that,1.0
all:that,I,1.0
that:I,can,1.0
I:can,get,0.5
can:get,.,1.0
0:0,who,2.64431340402e-05
0:who,is,0.5
who:is,he,1.0
is:he,NNP,0.5
he:NNP,.,1.0
0:i,hate,0.0125786163522
i:hate,it,0.166666666667
hate:it,when,1.0
it:when,my,0.5
when:my,devotion,1.0
my:devotion,to,1.0
devotion:to,NNP,1.0
to:NNP,is,0.25
NNP:is,questioned,0.0909090909091
is:questioned,.,1.0
0:who,honey,0.5
who:honey,.,1.0
0:0,Depends,1.32215670201e-05
0:Hi,all,0.25
Hi:all,31,1.0
all:31,/,1.0
31:/,m,1.0
NNP:is,having,0.0909090909091
is:having,my,1.0
having:my,babies,1.0
my:babies,NNP,1.0
0:lmao,NNP,0.2
lmao:NNP,.,1.0
0:0,your,2.64431340402e-05
0:your,fiance,1.0
your:fiance,,,0.142857142857
fiance:,,do,1.0
,:do,you,1.0
do:you,know,1.0
you:know,his,1.0
know:his,handle,1.0
his:handle,.,1.0
0:0,On,1.32215670201e-05
0:On,what,1.0
On:what,kinda,1.0
what:kinda,pervs,1.0
kinda:pervs,your,1.0
pervs:your,lookin,1.0
your:lookin,for,1.0
0:what,,,0.0454545454545
what:,,NNP,1.0
0:0,little,1.32215670201e-05
0:little,jerks,1.0
little:jerks,&,1.0
jerks:&,jerkettes,1.0
0:i,love,0.0062893081761
i:love,NNP,0.5
love:NNP,more,1.0
NNP:more,than,1.0
more:than,ANYONE,1.0
than:ANYONE,ELSE,1.0
0:0,lolololll,1.32215670201e-05
0:lolololll,NNP,1.0
lolololll:NNP,.,1.0
0:0,handle,1.32215670201e-05
0:handle,.,1.0
0:oh,well,0.5
0:0,beeehave,1.32215670201e-05
0:and,he,0.166666666667
and:he,loves,0.5
he:loves,ME,1.0
loves:ME,the,1.0
ME:the,most,1.0
i:love,myself,0.5
lol:NNP,how,0.25
NNP:how,do,0.142857142857
how:do,u,1.0
do:u,know,0.5
u:know,that,0.5
0:what,.,0.0454545454545
0:0,jerkettes,1.32215670201e-05
0:jerkettes,.,1.0
jerkettes:.,lmao,1.0
0:NNP,.,0.017094017094
0:well,if,0.25
well:if,we,1.0
if:we,have,1.0
we:have,girls,1.0
0:i,didnts,0.00314465408805
i:didnts,say,1.0
didnts:say,anithing,1.0
say:anithing,wrong,1.0
anithing:wrong,...,1.0
0:i,can,0.00314465408805
i:can,see,1.0
can:see,it,1.0
see:it,in,1.0
it:in,his,1.0
in:his,eyes,1.0
0:NNP,=,0.00854700854701
NNP:=,fiance,0.5
0:0,Jerketts,1.32215670201e-05
0:0,wtf,1.32215670201e-05
0:0,yah,1.32215670201e-05
0:yah,I,1.0
yah:I,know,1.0
I:know,honey,1.0
know:honey,.,1.0
0:0,girl,2.64431340402e-05
0:girl,jerk,0.5
girl:jerk,kids,1.0
0:0,awwwwww,1.32215670201e-05
0:you,guys,0.0333333333333
you:guys,type,1.0
guys:type,too,1.0
type:too,much,1.0
too:much,.,0.5
much:.,shut,1.0
.:shut,the,1.0
shut:the,fuck,1.0
the:fuck,up,0.666666666667
fuck:up,.,1.0
0:girl,jerks,0.5
girl:jerks,.,1.0
0:u,shut,0.0666666666667
u:shut,the,1.0
0:0,no,5.28862680805e-05
0:no,i,0.25
no:i,dont,1.0
i:dont,want,0.0909090909091
dont:want,daughters,1.0
want:daughters,.,0.5
0:0,ur,2.64431340402e-05
0:ur,annoying,0.5
0:i,want,0.0062893081761
i:want,daughters,0.25
want:daughters,NNP,0.5
daughters:NNP,.,1.0
0:0,:(,1.32215670201e-05
NNP:=,gettign,0.5
=:gettign,cooler,1.0
gettign:cooler,by,1.0
cooler:by,the,1.0
by:the,minute,1.0
0:what,'d,0.0454545454545
what:'d,I,1.0
'd:I,miss,1.0
I:miss,.,1.0
0:0,noo,1.32215670201e-05
0:noo,there,1.0
noo:there,too,1.0
there:too,much,1.0
too:much,work,0.5
much:work,.,1.0
0:0,why,3.96647010604e-05
0:why,not,0.25
why:not,.,1.0
not:.,girls,1.0
.:girls,are,1.0
girls:are,nice,1.0
are:nice,honey,0.5
nice:honey,.,1.0
0:there,is,0.5
there:is,not,1.0
is:not,.,0.5
0:0,heyy,1.32215670201e-05
0:heyy,NNP,1.0
i:hate,you,0.5
hate:you,.,0.142857142857
0:0,boys,1.32215670201e-05
0:boys,are,1.0
boys:are,naughtier,1.0
0:0,Hmm,2.64431340402e-05
0:you,I,0.0333333333333
you:I,hate,1.0
I:hate,you,1.0
hate:you,say,0.142857142857
you:say,..,1.0
0:0,Guess,1.32215670201e-05
0:Guess,what,1.0
hate:you,NNP,0.285714285714
you:NNP,fuck,0.25
NNP:fuck,your,1.0
fuck:your,ugly,1.0
0:0,if,2.64431340402e-05
0:if,i,0.5
if:i,had,1.0
i:had,a,1.0
had:a,daughter,1.0
a:daughter,she,1.0
daughter:she,would,1.0
she:would,regret,1.0
would:regret,me,1.0
regret:me,bein,1.0
me:bein,her,1.0
bein:her,dad,1.0
0:0,huh,1.32215670201e-05
0:huh,.,1.0
0:0,What,1.32215670201e-05
0:What,.,1.0
0:0,aw,2.64431340402e-05
0:aw,NNP,0.5
aw:NNP,whys,1.0
NNP:whys,that,1.0
0:0,deep,1.32215670201e-05
0:deep,inside,1.0
deep:inside,NNP,1.0
inside:NNP,wants,1.0
NNP:wants,what,1.0
wants:what,she,1.0
what:she,hates,1.0
0:0,ahahah,1.32215670201e-05
0:ahahah,NNP,1.0
ahahah:NNP,.,1.0
0:0,id,1.32215670201e-05
0:id,put,1.0
id:put,caution,1.0
put:caution,tape,1.0
caution:tape,all,1.0
tape:all,around,1.0
all:around,her,1.0
0:0,Your,1.32215670201e-05
0:Your,phone,1.0
Your:phone,sexs,1.0
phone:sexs,is,1.0
sexs:is,the,1.0
is:the,best,1.0
0:0,--------->,1.32215670201e-05
0:--------->,27,1.0
--------->:27,M,1.0
27:M,NNP,1.0
M:NNP,(,0.5
NNP:(,pic,0.5
(:pic,in,1.0
pic:in,profile,1.0
in:profile,),1.0
0:0,Lmfao,3.96647010604e-05
0:NNP,NNP,0.0042735042735
NNP:NNP,said,0.047619047619
NNP:said,so,1.0
I:am,ugly,0.142857142857
am:ugly,.,1.0
0:0,wouldnt,1.32215670201e-05
0:wouldnt,let,1.0
wouldnt:let,her,1.0
let:her,date,1.0
0:0,Is,1.32215670201e-05
0:Is,n't,1.0
Is:n't,it,1.0
n't:it,.,1.0
it:.,=-\,0.5
0:aww,.,0.5
i:feel,bad,0.5
feel:bad,now,1.0
bad:now,.,1.0
NNP:,,try,0.142857142857
,:try,to,1.0
try:to,arrange,1.0
to:arrange,your,1.0
arrange:your,words,1.0
your:words,so,1.0
words:so,they,1.0
so:they,form,1.0
they:form,coherent,1.0
form:coherent,thoughts,1.0
0:0,phone,1.32215670201e-05
0:phone,NNP,1.0
phone:NNP,.,1.0
0:0,hello,2.64431340402e-05
0:hello,NNP,0.5
0:0,hmph,1.32215670201e-05
0:hmph,.,1.0
you:NNP,.,0.25
NNP:.,does,1.0
.:does,that,1.0
does:that,mean,1.0
that:mean,I,1.0
mean:I,want,1.0
I:want,you,1.0
want:you,.,1.0
0:hello,room,0.5
0:and,this,0.0833333333333
and:this,..,1.0
this:..,has,1.0
..:has,been,1.0
has:been,the,1.0
been:the,grammar,1.0
the:grammar,lesson,1.0
grammar:lesson,of,1.0
lesson:of,the,1.0
of:the,day,1.0
the:day,courtesy,1.0
day:courtesy,of,1.0
courtesy:of,:,1.0
of::,NNP,1.0
::NNP,.,1.0
0:if,your,0.5
if:your,fiance,1.0
your:fiance,is,0.285714285714
fiance:is,still,0.5
is:still,here,1.0
still:here,could,1.0
here:could,i,1.0
could:i,talk,1.0
0:0,wait,1.32215670201e-05
0:wait,i,1.0
wait:i,didnt,1.0
i:didnt,me,0.5
didnt:me,phone,1.0
me:phone,you,1.0
phone:you,. . .,1.0
you:. . .,sheesh,1.0
. . .:sheesh,now,1.0
sheesh:now,im,1.0
now:im,that,0.5
im:that,phone,1.0
that:phone,perv,1.0
phone:perv,guy,1.0
0:0,lets,2.64431340402e-05
0:lets,hope,1.0
lets:hope,not,1.0
hope:not,NNP,1.0
0:0,of,1.32215670201e-05
0:of,course,1.0
0:0,woohoo,2.64431340402e-05
0:woohoo,.,0.5
chat:.,24,0.5
.:24,/,1.0
0:I,think,0.0238095238095
I:think,I,1.0
think:I,am,1.0
I:am,the,0.142857142857
am:the,exception,1.0
the:exception,to,1.0
exception:to,the,1.0
to:the,rule,0.5
0:he,'s,0.166666666667
he:'s,in,0.25
's:in,PM,1.0
in:PM,land,1.0
PM:land,now,1.0
land:now,though,1.0
0:ah,ok,0.5
0:i,wont,0.00314465408805
i:wont,bug,1.0
wont:bug,em,1.0
bug:em,then,1.0
0:0,someone,1.32215670201e-05
0:someone,wanna,1.0
someone:wanna,find,1.0
wanna:find,me,1.0
find:me,a,1.0
me:a,cheap,1.0
a:cheap,flight,1.0
cheap:flight,to,1.0
flight:to,NNP,0.5
to:NNP,.,0.25
0:i,need,0.00314465408805
i:need,to,1.0
need:to,go,1.0
to:go,this,0.5
go:this,summer,1.0
this:summer,.,1.0
0:im,a,0.142857142857
im:a,HUGE,1.0
a:HUGE,phone,1.0
HUGE:phone,perv,1.0
0:ok,seriously,0.5
ok:seriously,who,1.0
seriously:who,was,1.0
who:was,the,1.0
was:the,dumbass,1.0
the:dumbass,that,1.0
dumbass:that,signed,1.0
that:signed,NNP,1.0
signed:NNP,NNP,1.0
NNP:NNP,a,0.047619047619
NNP:a,rap,1.0
a:rap,deal,1.0
rap:deal,.,1.0
0:0,it,2.64431340402e-05
0:it,'s,0.5
it:'s,an,0.25
's:an,emergency,1.0
an:emergency,.,1.0
0:0,Ug,1.32215670201e-05
0:Ug,..,1.0
Ug:..,no,1.0
..:no,shit,1.0
no:shit,.,1.0
0:0,il,1.32215670201e-05
0:il,get,1.0
il:get,u,1.0
get:u,a,1.0
u:a,cheap,1.0
flight:to,hell,0.5
to:hell,:),1.0
0:0,bbl,1.32215670201e-05
0:bbl,maybe,1.0
0:0,LOL,2.64431340402e-05
0:it,was,0.5
it:was,me,1.0
was:me,,,1.0
me:,,NNP,0.5
0:0,hahah,5.28862680805e-05
0:hahah,NNP,0.5
hahah:NNP,.,1.0
0:0,8082653953,1.32215670201e-05
0:NNP,got,0.0042735042735
NNP:got,his,1.0
got:his,ass,1.0
his:ass,kicked,1.0
ass:kicked,..,1.0
kicked:..,Lol,1.0
0:i,got,0.00314465408805
got:a,first,0.25
a:first,class,1.0
first:class,ticket,1.0
class:ticket,to,1.0
ticket:to,hell,1.0
0:any,NNP,0.030303030303
any:NNP,girls,1.0
NNP:girls,in,1.0
girls:in,here,1.0
0:0,anyone,1.32215670201e-05
0:anyone,can,1.0
anyone:can,be,1.0
can:be,bought,1.0
be:bought,if,1.0
bought:if,theres,1.0
if:theres,enuff,1.0
theres:enuff,money,1.0
enuff:money,NNP,1.0
money:NNP,:),1.0
0:any,guys,0.030303030303
any:guys,have,0.25
guys:have,webcams,1.0
have:webcams,.,1.0
0:0,rethinks,1.32215670201e-05
0:rethinks,.,1.0
0:0,lmaoooo,1.32215670201e-05
0:0,Aw,1.32215670201e-05
0:Aw,,,1.0
Aw:,,man,1.0
,:man,.,1.0
0:whats,up,0.25
whats:up,NNP,1.0
0:i,was,0.00314465408805
i:was,only,1.0
was:only,kidding,1.0
only:kidding,.,1.0
he:'s,a,0.5
's:a,douchebag,0.25
a:douchebag,.,1.0
0:0,Poor,1.32215670201e-05
0:Poor,NNP,1.0
0:i,'m,0.0062893081761
i:'m,bored,0.5
0:0,love,1.32215670201e-05
0:love,me,1.0
love:me,.,0.5
0:0,pick,1.32215670201e-05
0:pick,me,1.0
0:0,choose,2.64431340402e-05
0:choose,me,1.0
choose:me,.,0.5
0:0,nothing,1.32215670201e-05
0:nothing,much,1.0
nothing:much,u,1.0
0:0,(,1.32215670201e-05
0:(,that,1.0
(:that,was,1.0
that:was,my,1.0
was:my,NNP,1.0
my:NNP,impression,1.0
NNP:impression,),1.0
0:0,sits,1.32215670201e-05
0:sits,with,1.0
sits:with,NNP,1.0
0:0,Cum,1.32215670201e-05
0:Cum,to,1.0
Cum:to,my,1.0
to:my,shower,1.0
my:shower,.,1.0
0:0,asl,1.32215670201e-05
0:not,a,0.142857142857
not:a,lot,1.0
a:lot,,,1.0
lot:,,where,1.0
,:where,u,1.0
where:u,from,1.0
choose:me,too,0.5
me:too,funny,1.0
0:0,You,1.32215670201e-05
0:You,can,1.0
You:can,pick,1.0
can:pick,your,1.0
pick:your,friends,0.25
your:friends,..,1.0
friends:..,And,1.0
..:And,you,0.5
And:you,can,1.0
you:can,pick,0.5
pick:your,nose,0.25
your:nose,..,1.0
nose:..,But,1.0
..:But,you,1.0
But:you,ca,1.0
you:ca,n't,1.0
ca:n't,pick,0.5
n't:pick,your,1.0
pick:your,friend,0.25
your:friend,s,1.0
friend:s,nose,1.0
s:nose,.,1.0
0:0,lmaooo,1.32215670201e-05
0:lmaooo,NNP,1.0
lmaooo:NNP,.,1.0
0:NNP,u,0.0042735042735
NNP:u,NNP,1.0
0:0,ewwww,1.32215670201e-05
0:lol,*sniffs*,0.04
0:0,ewwwwww,1.32215670201e-05
0:0,owww,1.32215670201e-05
0:owww,splinter,1.0
0:0,ughhh,1.32215670201e-05
0:0,does,1.32215670201e-05
0:does,anyone,1.0
does:anyone,want,1.0
anyone:want,to,1.0
want:to,talk,0.142857142857
to:talk,to,1.0
talk:to,me,0.285714285714
to:me,on,0.2
me:on,the,1.0
on:the,phone,1.0
the:phone,.,1.0
phone:.,I,1.0
.:I,do,1.0
I:do,n't,1.0
do:n't,charge,0.0909090909091
0:0,pm,1.32215670201e-05
0:pm,me,1.0
pm:me,for,0.5
me:for,my,1.0
for:my,phone,0.5
my:phone,number,1.0
phone:number,.,1.0
0:0,gags,1.32215670201e-05
0:gags,even,1.0
0:Lmfao,NNP,1.0
0:0,Meep,1.32215670201e-05
0:ur,female,0.5
ur:female,right,1.0
0:0,beeeeehave,1.32215670201e-05
0:0,Remember,1.32215670201e-05
0:Remember,the,1.0
Remember:the,LAst,1.0
the:LAst,time,1.0
LAst:time,you,1.0
time:you,did,1.0
you:did,that,1.0
0:0,go,2.64431340402e-05
0:go,wash,0.5
go:wash,your,1.0
wash:your,hands,1.0
your:hands,now,1.0
hands:now,.,1.0
0:0,dude,1.32215670201e-05
0:dude,NNP,1.0
dude:NNP,gets,1.0
NNP:gets,around,1.0
0:0,jk,1.32215670201e-05
0:0,1-900-anal-sex,1.32215670201e-05
0:1-900-anal-sex,is,1.0
1-900-anal-sex:is,NNP,1.0
is:NNP,'s,0.25
NNP:'s,number,0.5
0:0,dang,2.64431340402e-05
0:dang,it,0.5
dang:it,.,1.0
it:.,just,0.5
.:just,as,1.0
just:as,i,1.0
as:i,predicted,1.0
i:predicted,.,1.0
predicted:.,no,1.0
.:no,one,1.0
no:one,pm's,1.0
one:pm's,me,1.0
pm's:me,.,1.0
0:0,charge,1.32215670201e-05
0:charge,that,1.0
charge:that,is,1.0
that:is,1.99,1.0
is:1.99,/,1.0
1.99:/,min,1.0
/:min,.,1.0
0:lol,@,0.04
lol:@,innocent,1.0
0:lol,....,0.04
0:0,LOLOLOLLL,1.32215670201e-05
0:LOLOLOLLL,NNP,1.0
0:0,thats,5.28862680805e-05
0:thats,not,0.142857142857
thats:not,nice,1.0
0:my,neck,0.25
0:you,asshole,0.0333333333333
you:asshole,.,1.0
0:NNP,can,0.0042735042735
NNP:can,i,1.0
can:i,pm,0.5
i:pm,you,1.0
pm:you,.,1.0
0:is,like,0.25
0:no,it,0.25
no:it,'s,1.0
it:'s,not,0.25
's:not,NNP,1.0
not:NNP,,,1.0
NNP:,,you,0.142857142857
,:you,shut,1.0
you:shut,yo,1.0
shut:yo,mouth,1.0
yo:mouth,.,1.0
0:0,erm,1.32215670201e-05
0:0,free,1.32215670201e-05
0:free,for,1.0
free:for,NNP,1.0
0:0,:-o,2.64431340402e-05
I:am,innocent,0.142857142857
am:innocent,.,1.0
0:0,Lies,1.32215670201e-05
0:Lies,.,1.0
0:lmao,no,0.0666666666667
lmao:no,NNP,1.0
0:0,Check,1.32215670201e-05
0:Check,my,1.0
Check:my,record,1.0
my:record,.,1.0
0:0,Lol,1.32215670201e-05
0:0,lick,1.32215670201e-05
0:lick,em,1.0
lick:em,NNP,1.0
0:NNP,how,0.00854700854701
NNP:how,old,0.142857142857
how:old,r,1.0
old:r,u,1.0
0:0,Way,2.64431340402e-05
0:Way,to,1.0
Way:to,lie,0.5
0:0,mmhmm,1.32215670201e-05
NNP:is,very,0.0909090909091
is:very,polite,1.0
very:polite,.,1.0
0:0,calls,1.32215670201e-05
0:calls,NNP,1.0
0:24,u,0.25
0:yo,NNP,0.5
yo:NNP,,,1.0
NNP:,,may,0.142857142857
,:may,i,1.0
may:i,om,1.0
i:om,y,1.0
om:y,.,1.0
0:0,ummm,2.64431340402e-05
0:NNP,i,0.0042735042735
NNP:i,dont,1.0
i:dont,cyber,0.0909090909091
dont:cyber,darlin,1.0
0:0,",1.32215670201e-05
0:",youre,1.0
":youre,dead,1.0
youre:dead,to,1.0
dead:to,me,1.0
to:me,",0.2
me:",...,1.0
0:why,...,0.25
0:he,is,0.166666666667
he:is,NNP,0.5
is:NNP,.,0.25
0:I,'m,0.0238095238095
I:'m,more,0.25
'm:more,innocent,1.0
more:innocent,than,1.0
innocent:than,anyone,1.0
than:anyone,on,1.0
anyone:on,NNP,1.0
on:NNP,NNP,1.0
NNP:NNP,.,0.047619047619
0:0,but,1.32215670201e-05
0:but,i,1.0
but:i,'ll,1.0
i:'ll,call,0.5
'll:call,you,1.0
call:you,just,1.0
you:just,in,1.0
just:in,case,1.0
in:case,youre,0.5
case:youre,not,1.0
youre:not,dead,1.0
0:0,hahaha,1.32215670201e-05
0:u,got,0.133333333333
u:got,a,0.5
got:a,good,0.25
a:good,catch,1.0
good:catch,:),1.0
0:are,u,0.5
are:u,mexican,1.0
0:0,to,2.64431340402e-05
0:to,talk,0.5
0:what,r,0.0454545454545
what:r,u,1.0
r:u,searching,0.25
u:searching,for,1.0
searching:for,.,1.0
he:is,not,0.5
is:not,me,0.5
not:me,.,1.0
0:why,else,0.25
why:else,darling,1.0
else:darling,.,1.0
0:he,wont,0.0833333333333
he:wont,bite,1.0
wont:bite,ya,1.0
bite:ya,NNP,1.0
ya:NNP,.,1.0
0:yeah,u,0.142857142857
0:0,ooo,1.32215670201e-05
0:ooo,wait,1.0
0:is,he,0.25
is:he,your,0.5
he:your,fiance,1.0
your:fiance,.,0.142857142857
i:'m,going,0.5
'm:going,to,1.0
going:to,bed,1.0
to:bed,now,1.0
bed:now,.,1.0
now:.,i,1.0
.:i,want,1.0
i:want,to,0.25
want:to,have,0.142857142857
to:have,hot,0.5
have:hot,sexy,0.5
hot:sexy,dreams,1.0
sexy:dreams,about,1.0
dreams:about,NNP,0.5
i:do,bite,0.333333333333
do:bite,NNP,1.0
bite:NNP,...,1.0
0:lmao,@,0.0666666666667
lmao:@,darling,1.0
@:darling,..,1.0
darling:..,he,1.0
..:he,'s,1.0
's:a,guy,0.25
a:guy,.,1.0
0:0,ditto,1.32215670201e-05
0:ditto,NNP,1.0
ditto:NNP,nite,1.0
0:0,lool,1.32215670201e-05
0:ya,do,0.5
ya:do,..,1.0
do:..,i,1.0
..:i,know,1.0
i:know,that,1.0
know:that,..,1.0
that:..,;),1.0
0:NNP,kina,0.0042735042735
NNP:kina,give,1.0
kina:give,it,1.0
give:it,away,1.0
0:0,oo,1.32215670201e-05
0:oo,ooooook,1.0
oo:ooooook,then,1.0
0:hey,room,0.0192307692308
0:hey,if,0.0192307692308
hey:if,he,1.0
if:he,wants,1.0
he:wants,to,1.0
wants:to,call,1.0
to:call,me,1.0
call:me,darlin,1.0
me:darlin,its,1.0
darlin:its,ok,1.0
0:yeah,,,0.142857142857
yeah:,,so,1.0
,:so,did,1.0
so:did,NNP,1.0
and:he,bites,0.5
he:bites,NNP,1.0
0:not,any,0.142857142857
not:any,more,1.0
any:more,NNP,1.0
0:0,guys,1.32215670201e-05
0:guys,are,1.0
guys:are,idiots,1.0
are:idiots,.,1.0
0:go,ahead,0.5
go:ahead,pm,1.0
ahead:pm,me,1.0
pm:me,baby,0.5
get:the,fuck,0.333333333333
the:fuck,outta,0.333333333333
fuck:outta,my,1.0
my:PM,.,0.5
0:in,case,0.5
in:case,you,0.5
case:you,girls,1.0
you:girls,did,1.0
girls:did,n't,1.0
did:n't,know,1.0
n't:know,.,1.0
0:0,thought,1.32215670201e-05
0:thought,y,1.0
thought:y,were,1.0
y:were,a,1.0
were:a,girl,1.0
0:0,for,1.32215670201e-05
0:for,all,1.0
for:all,the,1.0
all:the,early20s,1.0
the:early20s,.,1.0
0:hahah,@,0.25
hahah:@,baby,1.0
0:what,do,0.0454545454545
what:do,u,1.0
do:u,do,0.5
u:do,in,0.5
do:in,NNP,1.0
0:NNP,s,0.0042735042735
NNP:s,in,1.0
s:in,my,1.0
in:my,pm,0.5
my:pm,too,1.0
pm:too,NNP,1.0
0:any,hot,0.030303030303
any:hot,guys,1.0
hot:guys,wanna,1.0
guys:wanna,chat,1.0
wanna:chat,22,0.125
chat:22,-,1.0
22:-,30,1.0
0:u,wanna,0.0666666666667
u:wanna,have,1.0
wanna:have,have,1.0
have:have,hot,1.0
have:hot,sext,0.5
hot:sext,dreams,1.0
sext:dreams,about,1.0
dreams:about,urself,0.5
about:urself,NNP,1.0
0:0,piff,3.96647010604e-05
0:piff,so,0.666666666667
piff:so,now,1.0
so:now,you,1.0
now:you,dont,1.0
you:dont,wanna,1.0
dont:wanna,talk,1.0
wanna:talk,to,1.0
0:0,shows,1.32215670201e-05
0:shows,i,1.0
shows:i,didnt,1.0
i:didnt,read,0.5
didnt:read,the,1.0
read:the,profile,1.0
0:thats,so,0.142857142857
thats:so,sexist,1.0
0:0,am,1.32215670201e-05
0:am,a,1.0
am:a,student,1.0
a:student,u,1.0
0:dang,NNP,0.5
0:thats,right,0.142857142857
0:0,lazy,1.32215670201e-05
0:lazy,ppl,1.0
lazy:ppl,...,1.0
ppl:...,dont,1.0
...:dont,read,1.0
dont:read,profiles,1.0
0:sounds,kinda,0.5
sounds:kinda,conceited,1.0
kinda:conceited,to,1.0
conceited:to,me,1.0
0:thats,mean,0.142857142857
thats:mean,.,1.0
0:0,fine,1.32215670201e-05
0:0,busy,2.64431340402e-05
0:busy,peolpe,0.5
busy:peolpe,either,1.0
0:I,work,0.0238095238095
I:work,in,1.0
work:in,construction,1.0
0:0,okay,1.32215670201e-05
0:okay,,,1.0
okay:,,I,1.0
I:'m,off,0.25
'm:off,for,1.0
off:for,a,1.0
for:a,bit,1.0
a:bit,.,1.0
0:i,dont,0.00314465408805
i:dont,wanna,0.0909090909091
talk:to,you,0.142857142857
to:you,either,1.0
you:either,.,1.0
0:to,calm,0.5
to:calm,myself,1.0
calm:myself,down,1.0
myself:down,.,1.0
0:busy,busy,0.5
0:any,one,0.030303030303
any:one,want,1.0
one:want,to,1.0
0:a,bit,0.5
0:0,later,1.32215670201e-05
0:later,maybe,1.0
later:maybe,...,1.0
0:0,geeshh,2.64431340402e-05
0:geeshh,...,1.0
geeshh:...,two,1.0
...:two,kids,1.0
two:kids,fighting,1.0
kids:fighting,.,1.0
0:whats,ur,0.25
whats:ur,major,1.0
0:i,probably,0.00314465408805
i:probably,sucks,1.0
probably:sucks,in,1.0
sucks:in,summer,1.0
in:summer,too,1.0
summer:too,hot,1.0
0:I,saw,0.0238095238095
I:saw,my,1.0
saw:my,name,1.0
0:0,was,1.32215670201e-05
0:was,gonna,1.0
was:gonna,dream,1.0
gonna:dream,about,1.0
dream:about,NNP,1.0
0:ok,lol,0.5
0:aw,yum,0.5
0:0,child,1.32215670201e-05
0:child,development,1.0
i:want,cho-co-la-te,0.25
want:cho-co-la-te,.,1.0
NNP:how,near,0.142857142857
how:near,NNP,1.0
near:NNP,.,1.0
0:0,just,1.32215670201e-05
0:just,cheaking,1.0
0:0,hell,1.32215670201e-05
0:hell,yeah,1.0
0:NNP,hes,0.0042735042735
NNP:hes,taken,1.0
hes:taken,alright,1.0
0:0,near,1.32215670201e-05
0:near,near,1.0
near:near,.,1.0
0:0,CHOCO,1.32215670201e-05
0:CHOCO,CHOCO,1.0
0:0,good,5.28862680805e-05
0:good,night,0.142857142857
good:night,all,1.0
0:0,It,1.32215670201e-05
0:It,'s,1.0
It:'s,only,1.0
's:only,three,1.0
only:three,syllables,1.0
0:0,>:->,1.32215670201e-05
0:wow,thats,0.5
wow:thats,near,1.0
0:0,cho-co-late,1.32215670201e-05
0:0,hehehe,1.32215670201e-05
0:0,sowwy,3.96647010604e-05
0:sowwy,ppl,0.5
sowwy:ppl,.,1.0
0:sowwy,NNP,0.5
sowwy:NNP,and,1.0
NNP:and,NNP,1.0
and:NNP,.,1.0
0:so,.,0.5
so:.,Mmm,1.0
0:NNP,has,0.0042735042735
NNP:has,free,1.0
has:free,credit,1.0
free:credit,alert,1.0
credit:alert,to,1.0
alert:to,hep,1.0
to:hep,against,1.0
hep:against,identity,1.0
against:identity,theft,1.0
identity:theft,now,1.0
0:0,wont,1.32215670201e-05
0:wont,do,1.0
wont:do,it,1.0
do:it,again,0.5
it:again,..,1.0
0:0,too,1.32215670201e-05
0:too,hot,1.0
too:hot,in,1.0
hot:in,the,1.0
in:the,summer,0.142857142857
the:summer,and,1.0
summer:and,too,1.0
and:too,cold,1.0
too:cold,in,1.0
cold:in,the,1.0
in:the,winter,0.142857142857
0:0,wat,1.32215670201e-05
0:wat,did,1.0
wat:did,u,1.0
did:u,do,0.5
u:do,NNP,0.5
do:NNP,.,1.0
0:woohoo,NNP,0.5
0:yeah,.,0.142857142857
0:i,typed,0.00314465408805
i:typed,choco,1.0
typed:choco,in,1.0
choco:in,caps,1.0
in:caps,..,1.0
caps:..,lol,1.0
0:0,umm,1.32215670201e-05
0:umm,,,1.0
umm:,,NNP,1.0
,:NNP,),0.333333333333
0:0,*spank*,1.32215670201e-05
you:'re,not,0.142857142857
're:not,supposed,1.0
not:supposed,to,1.0
supposed:to,be,1.0
to:be,here,1.0
be:here,you,1.0
here:you,'re,1.0
you:'re,over,0.142857142857
're:over,your,1.0
over:your,20s,1.0
your:20s,.,1.0
0:good,pay,0.142857142857
good:pay,makes,1.0
pay:makes,it,1.0
makes:it,better,1.0
0:that,red,0.2
that:red,color,1.0
red:color,bit,1.0
color:bit,my,1.0
bit:my,eye,1.0
my:eye,man,1.0
eye:man,...,1.0
0:0,Im,1.32215670201e-05
0:Im,blind,1.0
Im:blind,now,1.0
hey:NNP,-,0.5
NNP:-,NNP,0.5
-:NNP,-,1.0
NNP:-,spank,0.5
-:spank,dat,1.0
spank:dat,as,1.0
dat:as,-,1.0
as:-,NNP,1.0
0:0,funny,1.32215670201e-05
0:funny,.,1.0
Way:to,chase,0.5
to:chase,people,1.0
chase:people,out,1.0
0:0,watch,1.32215670201e-05
0:watch,him,1.0
watch:him,NNP,1.0
0:0,very,1.32215670201e-05
0:very,bored,1.0
very:bored,any,1.0
bored:any,guys,1.0
any:guys,wana,0.25
guys:wana,chat,1.0
wana:chat,to,1.0
chat:to,a,1.0
to:a,chik,1.0
a:chik,from,1.0
chik:from,NNP,1.0
from:NNP,(,0.333333333333
NNP:(,i,0.5
(:i,mean,1.0
i:mean,chat,1.0
mean:chat,as,1.0
chat:as,well,1.0
as:well,),1.0
u:got,that,0.5
got:that,right,1.0
that:right,,,1.0
right:,,i,1.0
,:i,dont,1.0
i:dont,do,0.0909090909091
dont:do,shit,1.0
do:shit,,,1.0
shit:,,im,1.0
,:im,the,1.0
im:the,supervisor,1.0
0:0,Hello,1.32215670201e-05
0:Hello,NNP,1.0
Hello:NNP,.,1.0
hey:NNP,how,0.5
NNP:how,'s,0.142857142857
how:'s,u,1.0
's:u,.,1.0
fiance:is,ignoring,0.5
is:ignoring,me,1.0
ignoring:me,NNP,1.0
lol:NNP,...,0.25
0:what,list,0.0454545454545
what:list,should,1.0
list:should,i,1.0
should:i,put,1.0
i:put,him,1.0
put:him,in,1.0
him:in,.,0.5
0:you,wish,0.0333333333333
0:0,honey,1.32215670201e-05
0:honey,..,1.0
honey:..,cmon,1.0
0:0,nice,1.32215670201e-05
0:not,the,0.142857142857
not:the,special,1.0
the:special,list,1.0
special:list,cuz,1.0
list:cuz,he,1.0
cuz:he,ignored,1.0
he:ignored,you,1.0
0:0,put,1.32215670201e-05
0:put,him,1.0
him:in,the,0.5
in:the,",0.142857142857
the:",untouchable,1.0
":untouchable,",1.0
untouchable:",list,1.0
":list,NNP,1.0
0:im,good,0.142857142857
im:good,NNP,1.0
0:how,r,0.25
how:r,u,1.0
r:u,NNP,0.25
0:0,hehe,1.32215670201e-05
0:0,hows,1.32215670201e-05
0:hows,bout,1.0
hows:bout,u,1.0
0:good,to,0.142857142857
good:to,hear,0.5
to:hear,NNP,1.0
0:no,NNP,0.25
no:NNP,knows,1.0
NNP:knows,i,1.0
knows:i,have,1.0
i:have,2,0.25
have:2,lists,1.0
0:0,--------------------,1.32215670201e-05
0:--------------------,27,1.0
--------------------:27,M,1.0
M:NNP,..,0.5
NNP:..,any,0.0909090909091
..:any,girls,1.0
any:girls,who,0.333333333333
girls:who,enjoys,1.0
who:enjoys,roleplay,1.0
enjoys:roleplay,..,1.0
roleplay:..,whisper,1.0
..:whisper,me,1.0
0:good,and,0.142857142857
good:and,urself,1.0
0:0,wats,1.32215670201e-05
0:wats,are,1.0
wats:are,they,1.0
are:they,.,1.0
0:yes,..,0.166666666667
yes:..,2,1.0
..:2,lists,1.0
0:0,great,1.32215670201e-05
0:great,ty,1.0
0:piff,i,0.333333333333
piff:i,aint,1.0
i:aint,tellin,1.0
aint:tellin,you,1.0
0:u,know,0.0666666666667
u:know,NNP,0.5
know:NNP,NNP,1.0
NNP:NNP,NNP,0.0952380952381
NNP:NNP,right,0.047619047619
NNP:right,NNP,1.0
right:NNP,illin,1.0
